From_POI,From_Type,From_Label,To_POI,To_Type,To_Label,Distance (m),Duration (s)
106481,Scultura,Grande bassorilievo,108187,Museo,Museo del Novecento,753.2,542.5
106481,Scultura,Grande bassorilievo,115154,Scultura,Monument to Giuseppe Parini,455.1,329.6
106481,Scultura,Grande bassorilievo,119513,Museo,Leonardo3 Museum,822.9,594.1
106481,Scultura,Grande bassorilievo,108242,Museo,Museo Mangini Bonomi,309.3,222.7
106481,Scultura,Grande bassorilievo,98652,Museo,Collections of the Ospedale Maggiore,1385.3,1001.7
106481,Scultura,Grande bassorilievo,109486,GalleriaDArte,Pinacoteca Ambrosiana,384.0,276.6
106481,Scultura,Grande bassorilievo,107078,Museo,Royal Palace of Milan,889.4,640.5
106481,Scultura,Grande bassorilievo,120148,Monumento,Monument to Cristina Trivulzio di Belgiojoso (Milan),1090.7,789.1
106481,Scultura,Grande bassorilievo,110593,Teatro,Teatro Gerolamo,1152.3,829.7
106481,Scultura,Grande bassorilievo,125115,Museo,Mario Buccellati corporate Museum,1361.8,988.5
106481,Scultura,Grande bassorilievo,104275,Scultura,Monument to Varalli and Zibecchi,1167.2,844.3
106481,Scultura,Grande bassorilievo,102611,Teatro,"Teatro ""La piccola Canobbiana""",904.9,651.7
106481,Scultura,Grande bassorilievo,123910,Scultura,Sala d'armi,1042.5,758.7
106481,Scultura,Grande bassorilievo,110823,Scultura,Monument to Cesare Beccaria,1165.9,839.6
106481,Scultura,Grande bassorilievo,117876,Teatro,Teatro Nuovo,1397.4,1005.4
106481,Scultura,Grande bassorilievo,123389,Museo,Museo Poldi Pezzoli,1013.8,738.2
106481,Scultura,Grande bassorilievo,114021,Teatro,Teatro Re,741.1,533.4
106481,Scultura,Grande bassorilievo,107439,Monumento,Monument to Federico Borromeo,286.8,206.4
106481,Scultura,Grande bassorilievo,113977,Monumento,Monument to Saint Ambrose,618.0,444.8
106481,Scultura,Grande bassorilievo,115460,Scultura,Scior Carera,1223.2,880.3
106481,Scultura,Grande bassorilievo,119536,Museo,Gallerie d'Italia - Milano,848.9,619.2
106481,Scultura,Grande bassorilievo,101859,Monumento,Monument to Giuseppe Missori,599.3,431.5
106481,Scultura,Grande bassorilievo,119864,Teatro,Teatro Filodrammatici,844.5,607.8
106481,Scultura,Grande bassorilievo,122600,Scultura,Disco in forma di rosa del deserto,973.1,708.8
106481,Scultura,Grande bassorilievo,107607,Museo,Duomo di Milano Museum,872.5,628.3
106481,Scultura,Grande bassorilievo,116866,Teatro,Teatro Manzoni,865.4,625.0
106481,Scultura,Grande bassorilievo,117761,Museo,San Fedele museum,918.0,662.7
106481,Scultura,Grande bassorilievo,118340,Teatro,Piccolo Teatro Grassi,613.0,441.2
106481,Scultura,Grande bassorilievo,112602,FermataDellaMetropolitana,Duomo,788.5,567.3
106481,Scultura,Grande bassorilievo,100111,FermataDellaMetropolitana,Missori,663.2,477.5
106481,Scultura,Grande bassorilievo,115437,FermataDellaMetropolitana,Cordusio,472.0,339.6
106481,Scultura,Grande bassorilievo,118236,FermataDellaMetropolitana,San Babila,1428.8,1028.1
108187,Museo,Museo del Novecento,115154,Scultura,Monument to Giuseppe Parini,443.4,319.7
108187,Museo,Museo del Novecento,119513,Museo,Leonardo3 Museum,519.3,373.7
108187,Museo,Museo del Novecento,108242,Museo,Museo Mangini Bonomi,508.0,366.1
108187,Museo,Museo del Novecento,98652,Museo,Collections of the Ospedale Maggiore,781.1,562.4
108187,Museo,Museo del Novecento,109486,GalleriaDArte,Pinacoteca Ambrosiana,422.6,304.5
108187,Museo,Museo del Novecento,107078,Museo,Royal Palace of Milan,172.7,124.4
108187,Museo,Museo del Novecento,120148,Monumento,Monument to Cristina Trivulzio di Belgiojoso (Milan),657.4,473.0
108187,Museo,Museo del Novecento,110593,Teatro,Teatro Gerolamo,450.0,324.0
108187,Museo,Museo del Novecento,125115,Museo,Mario Buccellati corporate Museum,985.6,709.5
108187,Museo,Museo del Novecento,104275,Scultura,Monument to Varalli and Zibecchi,532.3,383.3
108187,Museo,Museo del Novecento,102611,Teatro,"Teatro ""La piccola Canobbiana""",327.6,235.8
108187,Museo,Museo del Novecento,123910,Scultura,Sala d'armi,710.4,511.4
108187,Museo,Museo del Novecento,110823,Scultura,Monument to Cesare Beccaria,463.6,333.9
108187,Museo,Museo del Novecento,117876,Teatro,Teatro Nuovo,767.6,552.7
108187,Museo,Museo del Novecento,123389,Museo,Museo Poldi Pezzoli,677.3,487.5
108187,Museo,Museo del Novecento,114021,Teatro,Teatro Re,292.1,210.3
108187,Museo,Museo del Novecento,107439,Monumento,Monument to Federico Borromeo,533.7,384.5
108187,Museo,Museo del Novecento,113977,Monumento,Monument to Saint Ambrose,336.6,242.4
108187,Museo,Museo del Novecento,115460,Scultura,Scior Carera,594.1,427.9
108187,Museo,Museo del Novecento,119536,Museo,Gallerie d'Italia - Milano,510.9,367.8
108187,Museo,Museo del Novecento,101859,Monumento,Monument to Giuseppe Missori,404.3,291.2
108187,Museo,Museo del Novecento,119864,Teatro,Teatro Filodrammatici,573.5,414.8
108187,Museo,Museo del Novecento,122600,Scultura,Disco in forma di rosa del deserto,636.0,457.8
108187,Museo,Museo del Novecento,107607,Museo,Duomo di Milano Museum,155.8,112.2
108187,Museo,Museo del Novecento,116866,Teatro,Teatro Manzoni,406.9,292.9
108187,Museo,Museo del Novecento,117761,Museo,San Fedele museum,459.5,330.6
108187,Museo,Museo del Novecento,118340,Teatro,Piccolo Teatro Grassi,632.0,455.3
108187,Museo,Museo del Novecento,112602,FermataDellaMetropolitana,Duomo,268.3,193.0
108187,Museo,Museo del Novecento,100111,FermataDellaMetropolitana,Missori,423.8,305.3
108187,Museo,Museo del Novecento,115437,FermataDellaMetropolitana,Cordusio,458.3,330.5
108187,Museo,Museo del Novecento,118236,FermataDellaMetropolitana,San Babila,797.1,574.1
115154,Scultura,Monument to Giuseppe Parini,119513,Museo,Leonardo3 Museum,367.9,264.5
115154,Scultura,Monument to Giuseppe Parini,108242,Museo,Museo Mangini Bonomi,326.6,237.3
115154,Scultura,Monument to Giuseppe Parini,98652,Museo,Collections of the Ospedale Maggiore,1187.5,854.9
115154,Scultura,Monument to Giuseppe Parini,109486,GalleriaDArte,Pinacoteca Ambrosiana,269.5,194.1
115154,Scultura,Monument to Giuseppe Parini,107078,Museo,Royal Palace of Milan,579.6,417.7
115154,Scultura,Monument to Giuseppe Parini,120148,Monumento,Monument to Cristina Trivulzio di Belgiojoso (Milan),635.6,459.5
115154,Scultura,Monument to Giuseppe Parini,110593,Teatro,Teatro Gerolamo,732.4,527.3
115154,Scultura,Monument to Giuseppe Parini,125115,Museo,Mario Buccellati corporate Museum,906.8,658.9
115154,Scultura,Monument to Giuseppe Parini,104275,Scultura,Monument to Varalli and Zibecchi,936.9,674.6
115154,Scultura,Monument to Giuseppe Parini,102611,Teatro,"Teatro ""La piccola Canobbiana""",760.0,547.4
115154,Scultura,Monument to Giuseppe Parini,123910,Scultura,Sala d'armi,587.4,429.1
115154,Scultura,Monument to Giuseppe Parini,110823,Scultura,Monument to Cesare Beccaria,738.2,531.5
115154,Scultura,Monument to Giuseppe Parini,117876,Teatro,Teatro Nuovo,941.5,677.4
115154,Scultura,Monument to Giuseppe Parini,123389,Museo,Museo Poldi Pezzoli,558.8,408.6
115154,Scultura,Monument to Giuseppe Parini,114021,Teatro,Teatro Re,285.1,205.4
115154,Scultura,Monument to Giuseppe Parini,107439,Monumento,Monument to Federico Borromeo,372.3,270.2
115154,Scultura,Monument to Giuseppe Parini,113977,Monumento,Monument to Saint Ambrose,162.0,116.8
115154,Scultura,Monument to Giuseppe Parini,115460,Scultura,Scior Carera,767.2,552.3
115154,Scultura,Monument to Giuseppe Parini,119536,Museo,Gallerie d'Italia - Milano,393.8,289.6
115154,Scultura,Monument to Giuseppe Parini,101859,Monumento,Monument to Giuseppe Missori,581.6,418.9
115154,Scultura,Monument to Giuseppe Parini,119864,Teatro,Teatro Filodrammatici,386.8,278.6
115154,Scultura,Monument to Giuseppe Parini,122600,Scultura,Disco in forma di rosa del deserto,518.0,379.2
115154,Scultura,Monument to Giuseppe Parini,107607,Museo,Duomo di Milano Museum,562.8,405.5
115154,Scultura,Monument to Giuseppe Parini,116866,Teatro,Teatro Manzoni,410.3,295.4
115154,Scultura,Monument to Giuseppe Parini,117761,Museo,San Fedele museum,462.9,333.1
115154,Scultura,Monument to Giuseppe Parini,118340,Teatro,Piccolo Teatro Grassi,209.3,150.7
115154,Scultura,Monument to Giuseppe Parini,112602,FermataDellaMetropolitana,Duomo,361.9,260.3
115154,Scultura,Monument to Giuseppe Parini,100111,FermataDellaMetropolitana,Missori,639.1,460.3
115154,Scultura,Monument to Giuseppe Parini,115437,FermataDellaMetropolitana,Cordusio,14.8,10.8
115154,Scultura,Monument to Giuseppe Parini,118236,FermataDellaMetropolitana,San Babila,972.9,700.1
119513,Museo,Leonardo3 Museum,108242,Museo,Museo Mangini Bonomi,605.0,435.8
119513,Museo,Leonardo3 Museum,98652,Museo,Collections of the Ospedale Maggiore,1092.1,788.1
119513,Museo,Leonardo3 Museum,109486,GalleriaDArte,Pinacoteca Ambrosiana,519.6,374.2
119513,Museo,Leonardo3 Museum,107078,Museo,Royal Palace of Milan,655.5,471.7
119513,Museo,Leonardo3 Museum,120148,Monumento,Monument to Cristina Trivulzio di Belgiojoso (Milan),307.2,221.0
119513,Museo,Leonardo3 Museum,110593,Teatro,Teatro Gerolamo,604.7,437.2
119513,Museo,Leonardo3 Museum,125115,Museo,Mario Buccellati corporate Museum,557.2,401.1
119513,Museo,Leonardo3 Museum,104275,Scultura,Monument to Varalli and Zibecchi,818.8,591.5
119513,Museo,Leonardo3 Museum,102611,Teatro,"Teatro ""La piccola Canobbiana""",846.9,609.5
119513,Museo,Leonardo3 Museum,123910,Scultura,Sala d'armi,237.9,171.3
119513,Museo,Leonardo3 Museum,110823,Scultura,Monument to Cesare Beccaria,610.5,441.4
119513,Museo,Leonardo3 Museum,117876,Teatro,Teatro Nuovo,680.3,489.7
119513,Museo,Leonardo3 Museum,123389,Museo,Museo Poldi Pezzoli,209.3,150.8
119513,Museo,Leonardo3 Museum,114021,Teatro,Teatro Re,277.6,199.6
119513,Museo,Leonardo3 Museum,107439,Monumento,Monument to Federico Borromeo,650.7,468.7
119513,Museo,Leonardo3 Museum,113977,Monumento,Monument to Saint Ambrose,302.6,217.9
119513,Museo,Leonardo3 Museum,115460,Scultura,Scior Carera,630.8,456.1
119513,Museo,Leonardo3 Museum,119536,Museo,Gallerie d'Italia - Milano,50.1,35.9
119513,Museo,Leonardo3 Museum,101859,Monumento,Monument to Giuseppe Missori,743.2,537.0
119513,Museo,Leonardo3 Museum,119864,Teatro,Teatro Filodrammatici,138.2,101.5
119513,Museo,Leonardo3 Museum,122600,Scultura,Disco in forma di rosa del deserto,168.5,121.4
119513,Museo,Leonardo3 Museum,107607,Museo,Duomo di Milano Museum,638.6,459.5
119513,Museo,Leonardo3 Museum,116866,Teatro,Teatro Manzoni,201.6,145.0
119513,Museo,Leonardo3 Museum,117761,Museo,San Fedele museum,189.5,136.5
119513,Museo,Leonardo3 Museum,118340,Teatro,Piccolo Teatro Grassi,497.3,357.9
119513,Museo,Leonardo3 Museum,112602,FermataDellaMetropolitana,Duomo,428.7,308.3
119513,Museo,Leonardo3 Museum,100111,FermataDellaMetropolitana,Missori,800.7,578.4
119513,Museo,Leonardo3 Museum,115437,FermataDellaMetropolitana,Cordusio,366.1,263.1
119513,Museo,Leonardo3 Museum,118236,FermataDellaMetropolitana,San Babila,709.0,510.3
108242,Museo,Museo Mangini Bonomi,98652,Museo,Collections of the Ospedale Maggiore,1224.4,883.8
108242,Museo,Museo Mangini Bonomi,109486,GalleriaDArte,Pinacoteca Ambrosiana,85.4,61.6
108242,Museo,Museo Mangini Bonomi,107078,Museo,Royal Palace of Milan,644.2,464.1
108242,Museo,Museo Mangini Bonomi,120148,Monumento,Monument to Cristina Trivulzio di Belgiojoso (Milan),871.5,629.5
108242,Museo,Museo Mangini Bonomi,110593,Teatro,Teatro Gerolamo,911.8,656.6
108242,Museo,Museo Mangini Bonomi,125115,Museo,Mario Buccellati corporate Museum,1142.7,828.9
108242,Museo,Museo Mangini Bonomi,104275,Scultura,Monument to Varalli and Zibecchi,977.7,708.3
108242,Museo,Museo Mangini Bonomi,102611,Teatro,"Teatro ""La piccola Canobbiana""",743.6,535.8
108242,Museo,Museo Mangini Bonomi,123910,Scultura,Sala d'armi,823.3,599.1
108242,Museo,Museo Mangini Bonomi,110823,Scultura,Monument to Cesare Beccaria,925.4,666.5
108242,Museo,Museo Mangini Bonomi,117876,Teatro,Teatro Nuovo,1136.6,818.1
108242,Museo,Museo Mangini Bonomi,123389,Museo,Museo Poldi Pezzoli,794.7,578.6
108242,Museo,Museo Mangini Bonomi,114021,Teatro,Teatro Re,480.3,346.1
108242,Museo,Museo Mangini Bonomi,107439,Monumento,Monument to Federico Borromeo,45.7,32.9
108242,Museo,Museo Mangini Bonomi,113977,Monumento,Monument to Saint Ambrose,359.1,258.9
108242,Museo,Museo Mangini Bonomi,115460,Scultura,Scior Carera,962.3,693.0
108242,Museo,Museo Mangini Bonomi,119536,Museo,Gallerie d'Italia - Milano,629.7,459.6
108242,Museo,Museo Mangini Bonomi,101859,Monumento,Monument to Giuseppe Missori,437.9,315.6
108242,Museo,Museo Mangini Bonomi,119864,Teatro,Teatro Filodrammatici,654.1,471.4
108242,Museo,Museo Mangini Bonomi,122600,Scultura,Disco in forma di rosa del deserto,753.9,549.2
108242,Museo,Museo Mangini Bonomi,107607,Museo,Duomo di Milano Museum,627.3,451.9
108242,Museo,Museo Mangini Bonomi,116866,Teatro,Teatro Manzoni,643.7,463.7
108242,Museo,Museo Mangini Bonomi,117761,Museo,San Fedele museum,696.4,501.4
108242,Museo,Museo Mangini Bonomi,118340,Teatro,Piccolo Teatro Grassi,484.5,348.9
108242,Museo,Museo Mangini Bonomi,112602,FermataDellaMetropolitana,Duomo,556.2,400.6
108242,Museo,Museo Mangini Bonomi,100111,FermataDellaMetropolitana,Missori,525.8,378.6
108242,Museo,Museo Mangini Bonomi,115437,FermataDellaMetropolitana,Cordusio,343.6,247.3
108242,Museo,Museo Mangini Bonomi,118236,FermataDellaMetropolitana,San Babila,1168.0,840.8
98652,Museo,Collections of the Ospedale Maggiore,109486,GalleriaDArte,Pinacoteca Ambrosiana,1139.0,822.2
98652,Museo,Collections of the Ospedale Maggiore,107078,Museo,Royal Palace of Milan,627.1,451.4
98652,Museo,Collections of the Ospedale Maggiore,120148,Monumento,Monument to Cristina Trivulzio di Belgiojoso (Milan),1024.4,739.2
98652,Museo,Collections of the Ospedale Maggiore,110593,Teatro,Teatro Gerolamo,638.5,459.3
98652,Museo,Collections of the Ospedale Maggiore,125115,Museo,Mario Buccellati corporate Museum,1262.5,911.0
98652,Museo,Collections of the Ospedale Maggiore,104275,Scultura,Monument to Varalli and Zibecchi,326.8,235.5
98652,Museo,Collections of the Ospedale Maggiore,102611,Teatro,"Teatro ""La piccola Canobbiana""",571.5,411.3
98652,Museo,Collections of the Ospedale Maggiore,123910,Scultura,Sala d'armi,1210.8,873.5
98652,Museo,Collections of the Ospedale Maggiore,110823,Scultura,Monument to Cesare Beccaria,652.1,469.2
98652,Museo,Collections of the Ospedale Maggiore,117876,Teatro,Teatro Nuovo,908.4,656.2
98652,Museo,Collections of the Ospedale Maggiore,123389,Museo,Museo Poldi Pezzoli,1177.7,849.6
98652,Museo,Collections of the Ospedale Maggiore,114021,Teatro,Teatro Re,989.7,712.2
98652,Museo,Collections of the Ospedale Maggiore,107439,Monumento,Monument to Federico Borromeo,1195.0,864.9
98652,Museo,Collections of the Ospedale Maggiore,113977,Monumento,Monument to Saint Ambrose,1064.6,766.2
98652,Museo,Collections of the Ospedale Maggiore,115460,Scultura,Scior Carera,801.4,579.3
98652,Museo,Collections of the Ospedale Maggiore,119536,Museo,Gallerie d'Italia - Milano,1057.0,764.9
98652,Museo,Collections of the Ospedale Maggiore,101859,Monumento,Monument to Giuseppe Missori,804.3,580.9
98652,Museo,Collections of the Ospedale Maggiore,119864,Teatro,Teatro Filodrammatici,1173.9,847.1
98652,Museo,Collections of the Ospedale Maggiore,122600,Scultura,Disco in forma di rosa del deserto,1178.9,850.3
98652,Museo,Collections of the Ospedale Maggiore,107607,Museo,Duomo di Milano Museum,677.4,487.6
98652,Museo,Collections of the Ospedale Maggiore,116866,Teatro,Teatro Manzoni,938.9,675.7
98652,Museo,Collections of the Ospedale Maggiore,117761,Museo,San Fedele museum,902.6,651.6
98652,Museo,Collections of the Ospedale Maggiore,118340,Teatro,Piccolo Teatro Grassi,1377.9,992.1
98652,Museo,Collections of the Ospedale Maggiore,112602,FermataDellaMetropolitana,Duomo,950.2,683.6
98652,Museo,Collections of the Ospedale Maggiore,100111,FermataDellaMetropolitana,Missori,781.4,564.5
98652,Museo,Collections of the Ospedale Maggiore,115437,FermataDellaMetropolitana,Cordusio,1191.2,857.5
98652,Museo,Collections of the Ospedale Maggiore,118236,FermataDellaMetropolitana,San Babila,932.2,673.2
109486,GalleriaDArte,Pinacoteca Ambrosiana,107078,Museo,Royal Palace of Milan,558.8,402.5
109486,GalleriaDArte,Pinacoteca Ambrosiana,120148,Monumento,Monument to Cristina Trivulzio di Belgiojoso (Milan),786.2,567.9
109486,GalleriaDArte,Pinacoteca Ambrosiana,110593,Teatro,Teatro Gerolamo,826.4,595.0
109486,GalleriaDArte,Pinacoteca Ambrosiana,125115,Museo,Mario Buccellati corporate Museum,1057.3,767.3
109486,GalleriaDArte,Pinacoteca Ambrosiana,104275,Scultura,Monument to Varalli and Zibecchi,892.3,646.7
109486,GalleriaDArte,Pinacoteca Ambrosiana,102611,Teatro,"Teatro ""La piccola Canobbiana""",672.9,486.6
109486,GalleriaDArte,Pinacoteca Ambrosiana,123910,Scultura,Sala d'armi,737.9,537.5
109486,GalleriaDArte,Pinacoteca Ambrosiana,110823,Scultura,Monument to Cesare Beccaria,840.0,604.9
109486,GalleriaDArte,Pinacoteca Ambrosiana,117876,Teatro,Teatro Nuovo,1051.2,756.5
109486,GalleriaDArte,Pinacoteca Ambrosiana,123389,Museo,Museo Poldi Pezzoli,709.3,517.0
109486,GalleriaDArte,Pinacoteca Ambrosiana,114021,Teatro,Teatro Re,394.9,284.5
109486,GalleriaDArte,Pinacoteca Ambrosiana,107439,Monumento,Monument to Federico Borromeo,131.1,94.5
109486,GalleriaDArte,Pinacoteca Ambrosiana,113977,Monumento,Monument to Saint Ambrose,273.8,197.3
109486,GalleriaDArte,Pinacoteca Ambrosiana,115460,Scultura,Scior Carera,877.0,631.4
109486,GalleriaDArte,Pinacoteca Ambrosiana,119536,Museo,Gallerie d'Italia - Milano,544.4,398.0
109486,GalleriaDArte,Pinacoteca Ambrosiana,101859,Monumento,Monument to Giuseppe Missori,404.1,290.7
109486,GalleriaDArte,Pinacoteca Ambrosiana,119864,Teatro,Teatro Filodrammatici,568.8,409.8
109486,GalleriaDArte,Pinacoteca Ambrosiana,122600,Scultura,Disco in forma di rosa del deserto,668.6,487.6
109486,GalleriaDArte,Pinacoteca Ambrosiana,107607,Museo,Duomo di Milano Museum,541.9,390.3
109486,GalleriaDArte,Pinacoteca Ambrosiana,116866,Teatro,Teatro Manzoni,558.3,402.1
109486,GalleriaDArte,Pinacoteca Ambrosiana,117761,Museo,San Fedele museum,611.0,439.8
109486,GalleriaDArte,Pinacoteca Ambrosiana,118340,Teatro,Piccolo Teatro Grassi,457.9,329.7
109486,GalleriaDArte,Pinacoteca Ambrosiana,112602,FermataDellaMetropolitana,Duomo,470.9,339.0
109486,GalleriaDArte,Pinacoteca Ambrosiana,100111,FermataDellaMetropolitana,Missori,492.0,353.7
109486,GalleriaDArte,Pinacoteca Ambrosiana,115437,FermataDellaMetropolitana,Cordusio,284.3,204.9
109486,GalleriaDArte,Pinacoteca Ambrosiana,118236,FermataDellaMetropolitana,San Babila,1082.6,779.2
107078,Museo,Royal Palace of Milan,120148,Monumento,Monument to Cristina Trivulzio di Belgiojoso (Milan),734.0,530.2
107078,Museo,Royal Palace of Milan,110593,Teatro,Teatro Gerolamo,412.2,296.6
107078,Museo,Royal Palace of Milan,125115,Museo,Mario Buccellati corporate Museum,1005.4,723.6
107078,Museo,Royal Palace of Milan,104275,Scultura,Monument to Varalli and Zibecchi,380.4,275.9
107078,Museo,Royal Palace of Milan,102611,Teatro,"Teatro ""La piccola Canobbiana""",258.2,185.7
107078,Museo,Royal Palace of Milan,123910,Scultura,Sala d'armi,846.6,609.4
107078,Museo,Royal Palace of Milan,110823,Scultura,Monument to Cesare Beccaria,425.8,306.5
107078,Museo,Royal Palace of Milan,117876,Teatro,Teatro Nuovo,729.8,525.3
107078,Museo,Royal Palace of Milan,123389,Museo,Museo Poldi Pezzoli,813.6,585.5
107078,Museo,Royal Palace of Milan,114021,Teatro,Teatro Re,428.3,308.3
107078,Museo,Royal Palace of Milan,107439,Monumento,Monument to Federico Borromeo,669.9,482.5
107078,Museo,Royal Palace of Milan,113977,Monumento,Monument to Saint Ambrose,472.8,340.4
107078,Museo,Royal Palace of Milan,115460,Scultura,Scior Carera,556.4,400.5
107078,Museo,Royal Palace of Milan,119536,Museo,Gallerie d'Italia - Milano,647.1,465.8
107078,Museo,Royal Palace of Milan,101859,Monumento,Monument to Giuseppe Missori,460.1,330.9
107078,Museo,Royal Palace of Milan,119864,Teatro,Teatro Filodrammatici,709.7,512.8
107078,Museo,Royal Palace of Milan,122600,Scultura,Disco in forma di rosa del deserto,772.2,555.8
107078,Museo,Royal Palace of Milan,107607,Museo,Duomo di Milano Museum,50.3,36.2
107078,Museo,Royal Palace of Milan,116866,Teatro,Teatro Manzoni,543.1,390.9
107078,Museo,Royal Palace of Milan,117761,Museo,San Fedele museum,590.1,424.8
107078,Museo,Royal Palace of Milan,118340,Teatro,Piccolo Teatro Grassi,768.2,553.3
107078,Museo,Royal Palace of Milan,112602,FermataDellaMetropolitana,Duomo,404.5,291.0
107078,Museo,Royal Palace of Milan,100111,FermataDellaMetropolitana,Missori,471.9,339.5
107078,Museo,Royal Palace of Milan,115437,FermataDellaMetropolitana,Cordusio,594.5,428.5
107078,Museo,Royal Palace of Milan,118236,FermataDellaMetropolitana,San Babila,759.4,546.7
120148,Monumento,Monument to Cristina Trivulzio di Belgiojoso (Milan),110593,Teatro,Teatro Gerolamo,455.3,329.8
120148,Monumento,Monument to Cristina Trivulzio di Belgiojoso (Milan),125115,Museo,Mario Buccellati corporate Museum,499.4,359.4
120148,Monumento,Monument to Cristina Trivulzio di Belgiojoso (Milan),104275,Scultura,Monument to Varalli and Zibecchi,751.1,542.6
120148,Monumento,Monument to Cristina Trivulzio di Belgiojoso (Milan),102611,Teatro,"Teatro ""La piccola Canobbiana""",847.6,611.8
120148,Monumento,Monument to Cristina Trivulzio di Belgiojoso (Milan),123910,Scultura,Sala d'armi,189.8,136.9
120148,Monumento,Monument to Cristina Trivulzio di Belgiojoso (Milan),110823,Scultura,Monument to Cesare Beccaria,455.4,329.9
120148,Monumento,Monument to Cristina Trivulzio di Belgiojoso (Milan),117876,Teatro,Teatro Nuovo,497.1,357.9
120148,Monumento,Monument to Cristina Trivulzio di Belgiojoso (Milan),123389,Museo,Museo Poldi Pezzoli,156.7,113.0
120148,Monumento,Monument to Cristina Trivulzio di Belgiojoso (Milan),114021,Teatro,Teatro Re,476.5,342.8
120148,Monumento,Monument to Cristina Trivulzio di Belgiojoso (Milan),107439,Monumento,Monument to Federico Borromeo,917.2,662.4
120148,Monumento,Monument to Cristina Trivulzio di Belgiojoso (Milan),113977,Monumento,Monument to Saint Ambrose,569.1,411.6
120148,Monumento,Monument to Cristina Trivulzio di Belgiojoso (Milan),115460,Scultura,Scior Carera,461.2,331.6
120148,Monumento,Monument to Cristina Trivulzio di Belgiojoso (Milan),119536,Museo,Gallerie d'Italia - Milano,257.1,185.1
120148,Monumento,Monument to Cristina Trivulzio di Belgiojoso (Milan),101859,Monumento,Monument to Giuseppe Missori,989.6,714.1
120148,Monumento,Monument to Cristina Trivulzio di Belgiojoso (Milan),119864,Teatro,Teatro Filodrammatici,422.0,305.6
120148,Monumento,Monument to Cristina Trivulzio di Belgiojoso (Milan),122600,Scultura,Disco in forma di rosa del deserto,155.1,111.7
120148,Monumento,Monument to Cristina Trivulzio di Belgiojoso (Milan),107607,Museo,Duomo di Milano Museum,683.7,494.0
120148,Monumento,Monument to Cristina Trivulzio di Belgiojoso (Milan),116866,Teatro,Teatro Manzoni,250.7,180.2
120148,Monumento,Monument to Cristina Trivulzio di Belgiojoso (Milan),117761,Museo,San Fedele museum,197.9,142.4
120148,Monumento,Monument to Cristina Trivulzio di Belgiojoso (Milan),118340,Teatro,Piccolo Teatro Grassi,781.1,562.0
120148,Monumento,Monument to Cristina Trivulzio di Belgiojoso (Milan),112602,FermataDellaMetropolitana,Duomo,509.3,366.1
120148,Monumento,Monument to Cristina Trivulzio di Belgiojoso (Milan),100111,FermataDellaMetropolitana,Missori,1020.5,734.5
120148,Monumento,Monument to Cristina Trivulzio di Belgiojoso (Milan),115437,FermataDellaMetropolitana,Cordusio,633.8,458.1
120148,Monumento,Monument to Cristina Trivulzio di Belgiojoso (Milan),118236,FermataDellaMetropolitana,San Babila,525.8,378.5
110593,Teatro,Teatro Gerolamo,125115,Museo,Mario Buccellati corporate Museum,722.6,520.0
110593,Teatro,Teatro Gerolamo,104275,Scultura,Monument to Varalli and Zibecchi,344.2,248.1
110593,Teatro,Teatro Gerolamo,102611,Teatro,"Teatro ""La piccola Canobbiana""",461.7,331.9
110593,Teatro,Teatro Gerolamo,123910,Scultura,Sala d'armi,641.7,464.1
110593,Teatro,Teatro Gerolamo,110823,Scultura,Monument to Cesare Beccaria,174.2,125.6
110593,Teatro,Teatro Gerolamo,117876,Teatro,Teatro Nuovo,432.4,311.2
110593,Teatro,Teatro Gerolamo,123389,Museo,Museo Poldi Pezzoli,608.7,440.2
110593,Teatro,Teatro Gerolamo,114021,Teatro,Teatro Re,516.6,371.9
110593,Teatro,Teatro Gerolamo,107439,Monumento,Monument to Federico Borromeo,932.8,671.7
110593,Teatro,Teatro Gerolamo,113977,Monumento,Monument to Saint Ambrose,604.4,435.0
110593,Teatro,Teatro Gerolamo,115460,Scultura,Scior Carera,258.9,186.4
110593,Teatro,Teatro Gerolamo,119536,Museo,Gallerie d'Italia - Milano,569.6,414.0
110593,Teatro,Teatro Gerolamo,101859,Monumento,Monument to Giuseppe Missori,750.5,540.0
110593,Teatro,Teatro Gerolamo,119864,Teatro,Teatro Filodrammatici,693.1,501.0
110593,Teatro,Teatro Gerolamo,122600,Scultura,Disco in forma di rosa del deserto,609.8,440.9
110593,Teatro,Teatro Gerolamo,107607,Museo,Duomo di Milano Museum,361.9,260.4
110593,Teatro,Teatro Gerolamo,116866,Teatro,Teatro Manzoni,458.7,329.8
110593,Teatro,Teatro Gerolamo,117761,Museo,San Fedele museum,415.2,300.7
110593,Teatro,Teatro Gerolamo,118340,Teatro,Piccolo Teatro Grassi,930.5,669.8
110593,Teatro,Teatro Gerolamo,112602,FermataDellaMetropolitana,Duomo,471.2,338.8
110593,Teatro,Teatro Gerolamo,100111,FermataDellaMetropolitana,Missori,762.3,548.6
110593,Teatro,Teatro Gerolamo,115437,FermataDellaMetropolitana,Cordusio,736.1,529.9
110593,Teatro,Teatro Gerolamo,118236,FermataDellaMetropolitana,San Babila,461.9,332.6
125115,Museo,Mario Buccellati corporate Museum,104275,Scultura,Monument to Varalli and Zibecchi,955.2,689.7
125115,Museo,Mario Buccellati corporate Museum,102611,Teatro,"Teatro ""La piccola Canobbiana""",1119.0,805.2
125115,Museo,Mario Buccellati corporate Museum,123910,Scultura,Sala d'armi,350.1,252.0
125115,Museo,Mario Buccellati corporate Museum,110823,Scultura,Monument to Cesare Beccaria,705.7,507.9
125115,Museo,Mario Buccellati corporate Museum,117876,Teatro,Teatro Nuovo,396.4,285.4
125115,Museo,Mario Buccellati corporate Museum,123389,Museo,Museo Poldi Pezzoli,352.4,253.7
125115,Museo,Mario Buccellati corporate Museum,114021,Teatro,Teatro Re,808.2,581.7
125115,Museo,Mario Buccellati corporate Museum,107439,Monumento,Monument to Federico Borromeo,1188.4,861.8
125115,Museo,Mario Buccellati corporate Museum,113977,Monumento,Monument to Saint Ambrose,840.3,611.0
125115,Museo,Mario Buccellati corporate Museum,115460,Scultura,Scior Carera,464.0,333.8
125115,Museo,Mario Buccellati corporate Museum,119536,Museo,Gallerie d'Italia - Milano,526.6,379.2
125115,Museo,Mario Buccellati corporate Museum,101859,Monumento,Monument to Giuseppe Missori,1288.9,929.8
125115,Museo,Mario Buccellati corporate Museum,119864,Teatro,Teatro Filodrammatici,695.5,502.6
125115,Museo,Mario Buccellati corporate Museum,122600,Scultura,Disco in forma di rosa del deserto,393.8,283.4
125115,Museo,Mario Buccellati corporate Museum,107607,Museo,Duomo di Milano Museum,955.1,687.4
125115,Museo,Mario Buccellati corporate Museum,116866,Teatro,Teatro Manzoni,622.5,447.8
125115,Museo,Mario Buccellati corporate Museum,117761,Museo,San Fedele museum,569.7,410.0
125115,Museo,Mario Buccellati corporate Museum,118340,Teatro,Piccolo Teatro Grassi,1051.5,756.6
125115,Museo,Mario Buccellati corporate Museum,112602,FermataDellaMetropolitana,Duomo,830.6,597.6
125115,Museo,Mario Buccellati corporate Museum,100111,FermataDellaMetropolitana,Missori,1348.8,971.0
125115,Museo,Mario Buccellati corporate Museum,115437,FermataDellaMetropolitana,Cordusio,905.0,657.5
125115,Museo,Mario Buccellati corporate Museum,118236,FermataDellaMetropolitana,San Babila,425.1,306.0
104275,Scultura,Monument to Varalli and Zibecchi,102611,Teatro,"Teatro ""La piccola Canobbiana""",325.1,236.1
104275,Scultura,Monument to Varalli and Zibecchi,123910,Scultura,Sala d'armi,937.5,676.9
104275,Scultura,Monument to Varalli and Zibecchi,110823,Scultura,Monument to Cesare Beccaria,357.8,258.0
104275,Scultura,Monument to Varalli and Zibecchi,117876,Teatro,Teatro Nuovo,601.2,434.9
104275,Scultura,Monument to Varalli and Zibecchi,123389,Museo,Museo Poldi Pezzoli,904.4,653.0
104275,Scultura,Monument to Varalli and Zibecchi,114021,Teatro,Teatro Re,728.7,524.7
104275,Scultura,Monument to Varalli and Zibecchi,107439,Monumento,Monument to Federico Borromeo,955.7,692.1
104275,Scultura,Monument to Varalli and Zibecchi,113977,Monumento,Monument to Saint Ambrose,813.1,585.4
104275,Scultura,Monument to Varalli and Zibecchi,115460,Scultura,Scior Carera,494.1,358.0
104275,Scultura,Monument to Varalli and Zibecchi,119536,Museo,Gallerie d'Italia - Milano,783.7,568.3
104275,Scultura,Monument to Varalli and Zibecchi,101859,Monumento,Monument to Giuseppe Missori,648.3,468.5
104275,Scultura,Monument to Varalli and Zibecchi,119864,Teatro,Teatro Filodrammatici,907.1,655.1
104275,Scultura,Monument to Varalli and Zibecchi,122600,Scultura,Disco in forma di rosa del deserto,905.6,653.7
104275,Scultura,Monument to Varalli and Zibecchi,107607,Museo,Duomo di Milano Museum,430.7,312.1
104275,Scultura,Monument to Varalli and Zibecchi,116866,Teatro,Teatro Manzoni,672.0,483.7
104275,Scultura,Monument to Varalli and Zibecchi,117761,Museo,San Fedele museum,629.3,455.0
104275,Scultura,Monument to Varalli and Zibecchi,118340,Teatro,Piccolo Teatro Grassi,1127.8,812.2
104275,Scultura,Monument to Varalli and Zibecchi,112602,FermataDellaMetropolitana,Duomo,683.4,491.6
104275,Scultura,Monument to Varalli and Zibecchi,100111,FermataDellaMetropolitana,Missori,660.0,477.1
104275,Scultura,Monument to Varalli and Zibecchi,115437,FermataDellaMetropolitana,Cordusio,940.6,677.2
104275,Scultura,Monument to Varalli and Zibecchi,118236,FermataDellaMetropolitana,San Babila,624.9,451.9
102611,Teatro,"Teatro ""La piccola Canobbiana""",123910,Scultura,Sala d'armi,1034.0,746.1
102611,Teatro,"Teatro ""La piccola Canobbiana""",110823,Scultura,Monument to Cesare Beccaria,475.4,341.8
102611,Teatro,"Teatro ""La piccola Canobbiana""",117876,Teatro,Teatro Nuovo,805.1,579.2
102611,Teatro,"Teatro ""La piccola Canobbiana""",123389,Museo,Museo Poldi Pezzoli,1001.0,722.2
102611,Teatro,"Teatro ""La piccola Canobbiana""",114021,Teatro,Teatro Re,619.7,446.1
102611,Teatro,"Teatro ""La piccola Canobbiana""",107439,Monumento,Monument to Federico Borromeo,714.6,514.9
102611,Teatro,"Teatro ""La piccola Canobbiana""",113977,Monumento,Monument to Saint Ambrose,664.2,478.2
102611,Teatro,"Teatro ""La piccola Canobbiana""",115460,Scultura,Scior Carera,667.3,480.1
102611,Teatro,"Teatro ""La piccola Canobbiana""",119536,Museo,Gallerie d'Italia - Milano,838.5,603.6
102611,Teatro,"Teatro ""La piccola Canobbiana""",101859,Monumento,Monument to Giuseppe Missori,334.2,240.4
102611,Teatro,"Teatro ""La piccola Canobbiana""",119864,Teatro,Teatro Filodrammatici,901.1,650.6
102611,Teatro,"Teatro ""La piccola Canobbiana""",122600,Scultura,Disco in forma di rosa del deserto,963.6,693.6
102611,Teatro,"Teatro ""La piccola Canobbiana""",107607,Museo,Duomo di Milano Museum,308.5,221.9
102611,Teatro,"Teatro ""La piccola Canobbiana""",116866,Teatro,Teatro Manzoni,719.2,517.5
102611,Teatro,"Teatro ""La piccola Canobbiana""",117761,Museo,San Fedele museum,725.9,524.2
102611,Teatro,"Teatro ""La piccola Canobbiana""",118340,Teatro,Piccolo Teatro Grassi,948.5,683.0
102611,Teatro,"Teatro ""La piccola Canobbiana""",112602,FermataDellaMetropolitana,Duomo,595.9,428.8
102611,Teatro,"Teatro ""La piccola Canobbiana""",100111,FermataDellaMetropolitana,Missori,345.9,249.0
102611,Teatro,"Teatro ""La piccola Canobbiana""",115437,FermataDellaMetropolitana,Cordusio,774.8,558.2
102611,Teatro,"Teatro ""La piccola Canobbiana""",118236,FermataDellaMetropolitana,San Babila,828.8,596.2
123910,Scultura,Sala d'armi,110823,Scultura,Monument to Cesare Beccaria,641.8,464.2
123910,Scultura,Sala d'armi,117876,Teatro,Teatro Nuovo,670.6,483.1
123910,Scultura,Sala d'armi,123389,Museo,Museo Poldi Pezzoli,33.1,23.9
123910,Scultura,Sala d'armi,114021,Teatro,Teatro Re,488.9,351.9
123910,Scultura,Sala d'armi,107439,Monumento,Monument to Federico Borromeo,869.0,632.0
123910,Scultura,Sala d'armi,113977,Monumento,Monument to Saint Ambrose,520.9,381.2
123910,Scultura,Sala d'armi,115460,Scultura,Scior Carera,634.6,456.8
123910,Scultura,Sala d'armi,119536,Museo,Gallerie d'Italia - Milano,207.3,149.4
123910,Scultura,Sala d'armi,101859,Monumento,Monument to Giuseppe Missori,969.5,700.0
123910,Scultura,Sala d'armi,119864,Teatro,Teatro Filodrammatici,376.1,272.8
123910,Scultura,Sala d'armi,122600,Scultura,Disco in forma di rosa del deserto,74.4,53.6
123910,Scultura,Sala d'armi,107607,Museo,Duomo di Milano Museum,829.7,597.2
123910,Scultura,Sala d'armi,116866,Teatro,Teatro Manzoni,387.3,278.8
123910,Scultura,Sala d'armi,117761,Museo,San Fedele museum,351.4,253.1
123910,Scultura,Sala d'armi,118340,Teatro,Piccolo Teatro Grassi,735.1,529.2
123910,Scultura,Sala d'armi,112602,FermataDellaMetropolitana,Duomo,636.3,457.8
123910,Scultura,Sala d'armi,100111,FermataDellaMetropolitana,Missori,1027.0,741.4
123910,Scultura,Sala d'armi,115437,FermataDellaMetropolitana,Cordusio,585.6,427.7
123910,Scultura,Sala d'armi,118236,FermataDellaMetropolitana,San Babila,699.3,503.7
110823,Scultura,Monument to Cesare Beccaria,117876,Teatro,Teatro Nuovo,415.4,299.1
110823,Scultura,Monument to Cesare Beccaria,123389,Museo,Museo Poldi Pezzoli,608.8,440.3
110823,Scultura,Monument to Cesare Beccaria,114021,Teatro,Teatro Re,522.4,376.1
110823,Scultura,Monument to Cesare Beccaria,107439,Monumento,Monument to Federico Borromeo,946.4,681.6
110823,Scultura,Monument to Cesare Beccaria,113977,Monumento,Monument to Saint Ambrose,610.2,439.2
110823,Scultura,Monument to Cesare Beccaria,115460,Scultura,Scior Carera,242.0,174.3
110823,Scultura,Monument to Cesare Beccaria,119536,Museo,Gallerie d'Italia - Milano,575.4,418.2
110823,Scultura,Monument to Cesare Beccaria,101859,Monumento,Monument to Giuseppe Missori,764.1,549.9
110823,Scultura,Monument to Cesare Beccaria,119864,Teatro,Teatro Filodrammatici,698.9,505.2
110823,Scultura,Monument to Cesare Beccaria,122600,Scultura,Disco in forma di rosa del deserto,609.9,441.0
110823,Scultura,Monument to Cesare Beccaria,107607,Museo,Duomo di Milano Museum,375.5,270.3
110823,Scultura,Monument to Cesare Beccaria,116866,Teatro,Teatro Manzoni,464.5,334.0
110823,Scultura,Monument to Cesare Beccaria,117761,Museo,San Fedele museum,421.0,304.9
110823,Scultura,Monument to Cesare Beccaria,118340,Teatro,Piccolo Teatro Grassi,936.3,674.0
110823,Scultura,Monument to Cesare Beccaria,112602,FermataDellaMetropolitana,Duomo,477.0,343.0
110823,Scultura,Monument to Cesare Beccaria,100111,FermataDellaMetropolitana,Missori,775.9,558.5
110823,Scultura,Monument to Cesare Beccaria,115437,FermataDellaMetropolitana,Cordusio,741.9,534.1
110823,Scultura,Monument to Cesare Beccaria,118236,FermataDellaMetropolitana,San Babila,445.0,320.5
117876,Teatro,Teatro Nuovo,123389,Museo,Museo Poldi Pezzoli,637.5,459.2
117876,Teatro,Teatro Nuovo,114021,Teatro,Teatro Re,717.7,516.4
117876,Teatro,Teatro Nuovo,107439,Monumento,Monument to Federico Borromeo,1182.3,851.0
117876,Teatro,Teatro Nuovo,113977,Monumento,Monument to Saint Ambrose,805.6,579.5
117876,Teatro,Teatro Nuovo,115460,Scultura,Scior Carera,174.2,125.1
117876,Teatro,Teatro Nuovo,119536,Museo,Gallerie d'Italia - Milano,630.0,455.5
117876,Teatro,Teatro Nuovo,101859,Monumento,Monument to Giuseppe Missori,1126.1,810.8
117876,Teatro,Teatro Nuovo,119864,Teatro,Teatro Filodrammatici,793.0,572.7
117876,Teatro,Teatro Nuovo,122600,Scultura,Disco in forma di rosa del deserto,643.3,463.3
117876,Teatro,Teatro Nuovo,107607,Museo,Duomo di Milano Museum,679.5,489.1
117876,Teatro,Teatro Nuovo,116866,Teatro,Teatro Manzoni,620.3,446.3
117876,Teatro,Teatro Nuovo,117761,Museo,San Fedele museum,567.5,408.5
117876,Teatro,Teatro Nuovo,118340,Teatro,Piccolo Teatro Grassi,1134.1,815.9
117876,Teatro,Teatro Nuovo,112602,FermataDellaMetropolitana,Duomo,672.4,483.3
117876,Teatro,Teatro Nuovo,100111,FermataDellaMetropolitana,Missori,1140.1,820.8
117876,Teatro,Teatro Nuovo,115437,FermataDellaMetropolitana,Cordusio,939.7,676.0
117876,Teatro,Teatro Nuovo,118236,FermataDellaMetropolitana,San Babila,84.6,61.0
123389,Museo,Museo Poldi Pezzoli,114021,Teatro,Teatro Re,459.3,330.5
123389,Museo,Museo Poldi Pezzoli,107439,Monumento,Monument to Federico Borromeo,840.4,611.5
123389,Museo,Museo Poldi Pezzoli,113977,Monumento,Monument to Saint Ambrose,492.3,360.7
123389,Museo,Museo Poldi Pezzoli,115460,Scultura,Scior Carera,601.6,432.9
123389,Museo,Museo Poldi Pezzoli,119536,Museo,Gallerie d'Italia - Milano,174.2,125.5
123389,Museo,Museo Poldi Pezzoli,101859,Monumento,Monument to Giuseppe Missori,940.0,678.6
123389,Museo,Museo Poldi Pezzoli,119864,Teatro,Teatro Filodrammatici,347.5,252.3
123389,Museo,Museo Poldi Pezzoli,122600,Scultura,Disco in forma di rosa del deserto,41.3,29.7
123389,Museo,Museo Poldi Pezzoli,107607,Museo,Duomo di Milano Museum,796.7,573.3
123389,Museo,Museo Poldi Pezzoli,116866,Teatro,Teatro Manzoni,354.2,254.9
123389,Museo,Museo Poldi Pezzoli,117761,Museo,San Fedele museum,318.3,229.2
123389,Museo,Museo Poldi Pezzoli,118340,Teatro,Piccolo Teatro Grassi,706.5,508.7
123389,Museo,Museo Poldi Pezzoli,112602,FermataDellaMetropolitana,Duomo,603.2,433.9
123389,Museo,Museo Poldi Pezzoli,100111,FermataDellaMetropolitana,Missori,997.5,720.0
123389,Museo,Museo Poldi Pezzoli,115437,FermataDellaMetropolitana,Cordusio,557.0,407.2
123389,Museo,Museo Poldi Pezzoli,118236,FermataDellaMetropolitana,San Babila,666.2,479.8
114021,Teatro,Teatro Re,107439,Monumento,Monument to Federico Borromeo,526.0,379.0
114021,Teatro,Teatro Re,113977,Monumento,Monument to Saint Ambrose,149.3,107.5
114021,Teatro,Teatro Re,115460,Scultura,Scior Carera,543.5,391.3
114021,Teatro,Teatro Re,119536,Museo,Gallerie d'Italia - Milano,292.9,210.8
114021,Teatro,Teatro Re,101859,Monumento,Monument to Giuseppe Missori,513.1,371.3
114021,Teatro,Teatro Re,119864,Teatro,Teatro Filodrammatici,331.1,238.4
114021,Teatro,Teatro Re,122600,Scultura,Disco in forma di rosa del deserto,418.0,300.8
114021,Teatro,Teatro Re,107607,Museo,Duomo di Milano Museum,411.4,296.1
114021,Teatro,Teatro Re,116866,Teatro,Teatro Manzoni,226.0,162.7
114021,Teatro,Teatro Re,117761,Museo,San Fedele museum,278.6,200.4
114021,Teatro,Teatro Re,118340,Teatro,Piccolo Teatro Grassi,477.8,343.9
114021,Teatro,Teatro Re,112602,FermataDellaMetropolitana,Duomo,151.1,108.7
114021,Teatro,Teatro Re,100111,FermataDellaMetropolitana,Missori,570.6,412.7
114021,Teatro,Teatro Re,115437,FermataDellaMetropolitana,Cordusio,283.4,204.0
114021,Teatro,Teatro Re,118236,FermataDellaMetropolitana,San Babila,749.2,539.1
107439,Monumento,Monument to Federico Borromeo,113977,Monumento,Monument to Saint Ambrose,404.8,291.8
107439,Monumento,Monument to Federico Borromeo,115460,Scultura,Scior Carera,1008.0,725.9
107439,Monumento,Monument to Federico Borromeo,119536,Museo,Gallerie d'Italia - Milano,675.4,492.5
107439,Monumento,Monument to Federico Borromeo,101859,Monumento,Monument to Giuseppe Missori,409.0,294.7
107439,Monumento,Monument to Federico Borromeo,119864,Teatro,Teatro Filodrammatici,699.8,504.3
107439,Monumento,Monument to Federico Borromeo,122600,Scultura,Disco in forma di rosa del deserto,799.6,582.1
107439,Monumento,Monument to Federico Borromeo,107607,Museo,Duomo di Milano Museum,653.1,470.3
107439,Monumento,Monument to Federico Borromeo,116866,Teatro,Teatro Manzoni,689.4,496.6
107439,Monumento,Monument to Federico Borromeo,117761,Museo,San Fedele museum,742.0,534.3
107439,Monumento,Monument to Federico Borromeo,118340,Teatro,Piccolo Teatro Grassi,530.2,381.8
107439,Monumento,Monument to Federico Borromeo,112602,FermataDellaMetropolitana,Duomo,601.9,433.5
107439,Monumento,Monument to Federico Borromeo,100111,FermataDellaMetropolitana,Missori,496.8,357.7
107439,Monumento,Monument to Federico Borromeo,115437,FermataDellaMetropolitana,Cordusio,389.3,280.2
107439,Monumento,Monument to Federico Borromeo,118236,FermataDellaMetropolitana,San Babila,1213.7,873.7
113977,Monumento,Monument to Saint Ambrose,115460,Scultura,Scior Carera,631.4,454.4
113977,Monumento,Monument to Saint Ambrose,119536,Museo,Gallerie d'Italia - Milano,327.3,241.7
113977,Monumento,Monument to Saint Ambrose,101859,Monumento,Monument to Giuseppe Missori,498.2,358.6
113977,Monumento,Monument to Saint Ambrose,119864,Teatro,Teatro Filodrammatici,351.7,253.5
113977,Monumento,Monument to Saint Ambrose,122600,Scultura,Disco in forma di rosa del deserto,451.5,331.3
113977,Monumento,Monument to Saint Ambrose,107607,Museo,Duomo di Milano Museum,456.0,328.2
113977,Monumento,Monument to Saint Ambrose,116866,Teatro,Teatro Manzoni,329.3,237.0
113977,Monumento,Monument to Saint Ambrose,117761,Museo,San Fedele museum,382.0,274.7
113977,Monumento,Monument to Saint Ambrose,118340,Teatro,Piccolo Teatro Grassi,354.7,255.3
113977,Monumento,Monument to Saint Ambrose,112602,FermataDellaMetropolitana,Duomo,226.1,162.4
113977,Monumento,Monument to Saint Ambrose,100111,FermataDellaMetropolitana,Missori,555.7,400.0
113977,Monumento,Monument to Saint Ambrose,115437,FermataDellaMetropolitana,Cordusio,160.3,115.4
113977,Monumento,Monument to Saint Ambrose,118236,FermataDellaMetropolitana,San Babila,837.0,602.2
115460,Scultura,Scior Carera,119536,Museo,Gallerie d'Italia - Milano,594.0,429.2
115460,Scultura,Scior Carera,101859,Monumento,Monument to Giuseppe Missori,952.7,686.0
115460,Scultura,Scior Carera,119864,Teatro,Teatro Filodrammatici,719.5,520.1
115460,Scultura,Scior Carera,122600,Scultura,Disco in forma di rosa del deserto,607.3,437.0
115460,Scultura,Scior Carera,107607,Museo,Duomo di Milano Museum,506.1,364.3
115460,Scultura,Scior Carera,116866,Teatro,Teatro Manzoni,485.0,348.9
115460,Scultura,Scior Carera,117761,Museo,San Fedele museum,441.3,319.6
115460,Scultura,Scior Carera,118340,Teatro,Piccolo Teatro Grassi,959.9,690.8
115460,Scultura,Scior Carera,112602,FermataDellaMetropolitana,Duomo,498.1,358.2
115460,Scultura,Scior Carera,100111,FermataDellaMetropolitana,Missori,966.6,696.0
115460,Scultura,Scior Carera,115437,FermataDellaMetropolitana,Cordusio,765.4,550.9
115460,Scultura,Scior Carera,118236,FermataDellaMetropolitana,San Babila,205.7,147.8
119536,Museo,Gallerie d'Italia - Milano,101859,Monumento,Monument to Giuseppe Missori,773.6,558.9
119536,Museo,Gallerie d'Italia - Milano,119864,Teatro,Teatro Filodrammatici,180.3,135.7
119536,Museo,Gallerie d'Italia - Milano,122600,Scultura,Disco in forma di rosa del deserto,132.9,95.8
119536,Museo,Gallerie d'Italia - Milano,107607,Museo,Duomo di Milano Museum,630.3,453.6
119536,Museo,Gallerie d'Italia - Milano,116866,Teatro,Teatro Manzoni,187.8,135.2
119536,Museo,Gallerie d'Italia - Milano,117761,Museo,San Fedele museum,154.4,113.3
119536,Museo,Gallerie d'Italia - Milano,118340,Teatro,Piccolo Teatro Grassi,539.3,392.1
119536,Museo,Gallerie d'Italia - Milano,112602,FermataDellaMetropolitana,Duomo,436.8,314.2
119536,Museo,Gallerie d'Italia - Milano,100111,FermataDellaMetropolitana,Missori,831.1,600.3
119536,Museo,Gallerie d'Italia - Milano,115437,FermataDellaMetropolitana,Cordusio,392.0,288.2
119536,Museo,Gallerie d'Italia - Milano,118236,FermataDellaMetropolitana,San Babila,658.6,476.1
101859,Monumento,Monument to Giuseppe Missori,119864,Teatro,Teatro Filodrammatici,792.4,572.6
101859,Monumento,Monument to Giuseppe Missori,122600,Scultura,Disco in forma di rosa del deserto,898.7,648.9
101859,Monumento,Monument to Giuseppe Missori,107607,Museo,Duomo di Milano Museum,510.4,367.1
101859,Monumento,Monument to Giuseppe Missori,116866,Teatro,Teatro Manzoni,739.1,534.0
101859,Monumento,Monument to Giuseppe Missori,117761,Museo,San Fedele museum,791.7,571.7
101859,Monumento,Monument to Giuseppe Missori,118340,Teatro,Piccolo Teatro Grassi,770.2,554.5
101859,Monumento,Monument to Giuseppe Missori,112602,FermataDellaMetropolitana,Duomo,546.4,395.0
101859,Monumento,Monument to Giuseppe Missori,100111,FermataDellaMetropolitana,Missori,87.8,63.0
101859,Monumento,Monument to Giuseppe Missori,115437,FermataDellaMetropolitana,Cordusio,596.4,429.7
101859,Monumento,Monument to Giuseppe Missori,118236,FermataDellaMetropolitana,San Babila,1155.6,832.2
119864,Teatro,Teatro Filodrammatici,122600,Scultura,Disco in forma di rosa del deserto,306.7,222.9
119864,Teatro,Teatro Filodrammatici,107607,Museo,Duomo di Milano Museum,692.8,500.6
119864,Teatro,Teatro Filodrammatici,116866,Teatro,Teatro Manzoni,255.7,186.1
119864,Teatro,Teatro Filodrammatici,117761,Museo,San Fedele museum,287.2,208.9
119864,Teatro,Teatro Filodrammatici,118340,Teatro,Piccolo Teatro Grassi,395.5,284.3
119864,Teatro,Teatro Filodrammatici,112602,FermataDellaMetropolitana,Duomo,482.3,347.1
119864,Teatro,Teatro Filodrammatici,100111,FermataDellaMetropolitana,Missori,849.9,614.0
119864,Teatro,Teatro Filodrammatici,115437,FermataDellaMetropolitana,Cordusio,379.1,272.9
119864,Teatro,Teatro Filodrammatici,118236,FermataDellaMetropolitana,San Babila,821.7,593.3
122600,Scultura,Disco in forma di rosa del deserto,107607,Museo,Duomo di Milano Museum,755.3,543.6
122600,Scultura,Disco in forma di rosa del deserto,116866,Teatro,Teatro Manzoni,312.9,225.2
122600,Scultura,Disco in forma di rosa del deserto,117761,Museo,San Fedele museum,277.0,199.5
122600,Scultura,Disco in forma di rosa del deserto,118340,Teatro,Piccolo Teatro Grassi,665.7,479.3
122600,Scultura,Disco in forma di rosa del deserto,112602,FermataDellaMetropolitana,Duomo,561.9,404.2
122600,Scultura,Disco in forma di rosa del deserto,100111,FermataDellaMetropolitana,Missori,956.2,690.3
122600,Scultura,Disco in forma di rosa del deserto,115437,FermataDellaMetropolitana,Cordusio,516.2,377.8
122600,Scultura,Disco in forma di rosa del deserto,118236,FermataDellaMetropolitana,San Babila,672.0,483.9
107607,Museo,Duomo di Milano Museum,116866,Teatro,Teatro Manzoni,510.1,367.1
107607,Museo,Duomo di Milano Museum,117761,Museo,San Fedele museum,539.8,388.6
107607,Museo,Duomo di Milano Museum,118340,Teatro,Piccolo Teatro Grassi,751.3,541.1
107607,Museo,Duomo di Milano Museum,112602,FermataDellaMetropolitana,Duomo,387.6,278.8
107607,Museo,Duomo di Milano Museum,100111,FermataDellaMetropolitana,Missori,522.2,375.7
107607,Museo,Duomo di Milano Museum,115437,FermataDellaMetropolitana,Cordusio,577.6,416.3
107607,Museo,Duomo di Milano Museum,118236,FermataDellaMetropolitana,San Babila,709.0,510.5
116866,Teatro,Teatro Manzoni,117761,Museo,San Fedele museum,52.8,37.8
116866,Teatro,Teatro Manzoni,118340,Teatro,Piccolo Teatro Grassi,603.0,433.9
116866,Teatro,Teatro Manzoni,112602,FermataDellaMetropolitana,Duomo,258.7,186.0
116866,Teatro,Teatro Manzoni,100111,FermataDellaMetropolitana,Missori,770.0,554.4
116866,Teatro,Teatro Manzoni,115437,FermataDellaMetropolitana,Cordusio,408.5,294.0
116866,Teatro,Teatro Manzoni,118236,FermataDellaMetropolitana,San Babila,649.0,466.9
117761,Museo,San Fedele museum,118340,Teatro,Piccolo Teatro Grassi,646.3,465.3
117761,Museo,San Fedele museum,112602,FermataDellaMetropolitana,Duomo,311.4,223.7
117761,Museo,San Fedele museum,100111,FermataDellaMetropolitana,Missori,822.6,592.1
117761,Museo,San Fedele museum,115437,FermataDellaMetropolitana,Cordusio,461.2,331.7
117761,Museo,San Fedele museum,118236,FermataDellaMetropolitana,San Babila,596.2,429.1
118340,Teatro,Piccolo Teatro Grassi,112602,FermataDellaMetropolitana,Duomo,540.2,388.6
118340,Teatro,Piccolo Teatro Grassi,100111,FermataDellaMetropolitana,Missori,827.6,595.9
118340,Teatro,Piccolo Teatro Grassi,115437,FermataDellaMetropolitana,Cordusio,196.3,141.3
118340,Teatro,Piccolo Teatro Grassi,118236,FermataDellaMetropolitana,San Babila,1165.6,838.6
112602,FermataDellaMetropolitana,Duomo,100111,FermataDellaMetropolitana,Missori,603.9,436.4
112602,FermataDellaMetropolitana,Duomo,115437,FermataDellaMetropolitana,Cordusio,360.1,258.9
112602,FermataDellaMetropolitana,Duomo,118236,FermataDellaMetropolitana,San Babila,703.8,506.0
100111,FermataDellaMetropolitana,Missori,115437,FermataDellaMetropolitana,Cordusio,653.9,471.1
100111,FermataDellaMetropolitana,Missori,118236,FermataDellaMetropolitana,San Babila,1169.6,842.2
115437,FermataDellaMetropolitana,Cordusio,118236,FermataDellaMetropolitana,San Babila,971.1,698.7
